用户昵称,性别,评论内容,被回复用户,评论层级,用户当前等级,点赞数量,回复时间
普法尔茨伯爵,男,适合生活如意的人看,,1级评论,6,2560,2025-03-25 22:27:50
A贝斯私教凉老师,保密,适合爱猫区的看[doge],普法尔茨伯爵,2级评论,6,151,2025-03-26 11:18:50
红魔村大魔法师慧慧,保密,回复 @A贝斯私教凉老师 :爱猫区的自己又不养猫，就喜欢☁️养猫这种又能满足自身情绪又不用负责任的感觉，看到略🐱区还能站在道德制高点上指指点点，一谈到流浪猫危害就光速切割😋,普法尔茨伯爵,2级评论,6,39,2025-04-12 23:48:24
-可爱动物保护法-,男,这些视频里从来没看见过歇罗猫，看样子养猫只能养这个了，养其它猫我怕我一天爱一个,,1级评论,5,1585,2025-03-25 22:23:05
佛兰愛弗兰,女,泰王严选猫，哈气的直接让大象爱了,-可爱动物保护法-,2级评论,6,901,2025-03-26 10:05:14
sans与番茄酱的那些事,保密,暹罗猫：不要小瞧我和训猫师的求生欲啊[胆大党_微笑]不老实的都被训猫师先一步爱死了[doge],-可爱动物保护法-,2级评论,6,205,2025-03-26 11:26:04
我叫卖鱼焜,男,"天呀，我真的不敢想象。。
工作了一天累的不行
回家还要收拾。。直接哭晕",,1级评论,6,585,2025-03-27 13:47:08
芝士藏雪豹,保密,没事的这样你很快就有方式放松了[doge_金箍],我叫卖鱼焜,2级评论,6,30,2025-04-20 13:28:23
直升机之子科比,保密,我都是笼养，我就怕我出去了，它给我整点啥事出来，回家了才放它出笼子,我叫卖鱼焜,2级评论,5,55,2025-04-19 08:05:36
Ever星逝,男,情绪价值这一块儿,,1级评论,6,372,2025-03-25 21:43:34
账号已注销,保密,愤怒也是情绪[doge],Ever星逝,2级评论,0,34,2025-04-22 11:41:56
EXILE放逐之歌,保密,兄啊，这沟槽的情绪价值不要也罢啊[辣眼睛],Ever星逝,2级评论,4,3,2025-04-24 20:29:25
玲奈紫,保密,家里真有这玩意范建能活到第二天是我的问题,,1级评论,6,255,2025-03-27 11:36:46
武装英专生,男,让他多活几天难受难受[吃瓜],玲奈紫,2级评论,5,22,2025-04-14 15:47:11
永远的亚梓莎,保密,这东西要敢在我家抓我/我家人的话，整只进来的我让它一块一块地出去,玲奈紫,2级评论,5,26,2025-04-17 04:56:37
ttttttttttim,男,谢谢，打消了我百分之八十想养猫的想法[灵魂出窍][灵魂出窍],,1级评论,6,196,2025-03-26 22:22:53
鞍華,男,养猫也不是一定要放养，买个笼子还是很好的,ttttttttttim,2级评论,6,40,2025-03-31 01:32:10
伟大的东方人,男,怎么还剩下20呢,ttttttttttim,2级评论,5,32,2025-04-05 02:29:14
现在是死狗哇,男,不如养我[保卫萝卜_哇],,1级评论,3,128,2025-04-12 10:21:31
虚空52012138,男,太能吃了,现在是死狗哇,2级评论,6,56,2025-04-12 22:14:43
派大星很烦1124,男,回复 @虚空52012138 :哈哈哈🤣,现在是死狗哇,2级评论,5,7,2025-04-13 01:41:48
节操动物,男,略猫区故意放视频出来激怒我去给略猫视频大赏的,,1级评论,6,179,2025-03-26 13:29:06
爱玩具的阿逸,男,我操略毛驱怎么这么坏,节操动物,2级评论,6,17,2025-03-27 14:09:10
砂糖与盐甜咸之恋,女,养猫就养白猫 贼乖 我垃圾桶捡到的,,1级评论,6,96,2025-04-11 10:29:16
御坂妹妹19998,女,流浪过的都会讨好人[笑哭],砂糖与盐甜咸之恋,2级评论,6,33,2025-04-11 18:11:43
我爱玩原神_,保密,回复 @御坂妹妹19998 :并非都会,砂糖与盐甜咸之恋,2级评论,4,33,2025-04-19 11:46:51
鬼方カヨコのお猫,男,我觉得猫什么也没做错😡，这只是一个正常生物的玩闹罢了，没必要上纲上线，反正不是我养，他们会接着养的，我负责看😋,,1级评论,6,96,2025-04-12 16:39:11
被囚禁的Van样,男,本来想领养的[笑哭],鬼方カヨコのお猫,2级评论,6,2,2025-04-16 22:05:17
徐伦joyne,保密,受不了这么蠢的动物,,1级评论,3,93,2025-04-15 10:41:54
砂金代抽业务,保密,"给大家说一个解气的
我小时候的一个晚上，我家突然进来一只猫，然后怎么赶也不出去，我和我妈妈都很生气，我拿各种各样又长又尖的东西去戳它，也不出来
然后我妈妈拿着拖把的另一端一只用力按它按的不能动，一个劲的叫才不敢进来",,1级评论,5,163,2025-03-30 23:50:50
阴中仙子三木木,保密,哈基姆大突刺,砂金代抽业务,2级评论,2,7,2025-04-12 12:56:53
砂金代抽业务,保密,回复 @妈妈酱再睡一会 :当时我都红温了，一个劲的捣[笑哭][笑哭]那个丝猫就是不跑，还对我哈气，然后我就捅那玩意的嘴，不过并没有弄伤，毕竟弄脏家里就不好了[妙啊][妙啊]之后把那个玩意弄了好一会才跑了,砂金代抽业务,2级评论,5,17,2025-04-13 00:35:58
只是路过卖便当的少年,女,这都是抱着什么心态记录下来的[笑哭],,1级评论,6,92,2025-04-02 11:51:57
--LOUIS---,保密,遗像,只是路过卖便当的少年,2级评论,4,30,2025-04-03 00:28:51
EXILE放逐之歌,保密,感觉有不少是监控录像,只是路过卖便当的少年,2级评论,4,19,2025-04-24 20:29:44
-帕秋莉go-,保密,这么好的足球不给我你们是想毁了国足吗[笑哭],,1级评论,5,144,2025-03-26 23:01:37
账号已注销,保密,如果世界杯比赛用球是这个我早就带国足进世界杯八强了[笑哭],-帕秋莉go-,2级评论,0,20,2025-03-29 12:53:55
公主一突xg,保密,大脚抽射！,-帕秋莉go-,2级评论,3,1,2025-04-13 08:48:16
我是发吐刀了人的爹,保密,就连我晚上看片的时候都没有这么想穿越进去过[吃瓜][吃瓜],,1级评论,4,67,2025-03-27 02:11:39
璧立千韧,保密,[喜欢],,1级评论,5,48,2025-03-26 14:55:40
阳春丶,保密,哈吉人看了都要哈气,璧立千韧,2级评论,6,13,2025-03-26 17:03:18
艾瑞达_蕾莱,保密,啊呀，骇死我力,璧立千韧,2级评论,6,14,2025-03-26 18:07:31
小犬莱服_汪,保密,最喜欢猫奴的一句话：猫从来不主动攻击人[呲牙],,1级评论,3,56,2025-04-20 23:10:02
こいという,保密,攻击了也会说是人的问题[呲牙],小犬莱服_汪,2级评论,6,7,2025-04-28 09:00:55
易烦vvvv,男,猫拿人头的几率不会超过1%，但也不等于0%,,1级评论,5,52,2025-03-26 01:29:54
会说话的牛汁,保密,00:21 这里老哥看着猫和床垫倒下来时还笑嘻嘻地伸手去扶，估计是以为猫软乎乎的砸下来也没事，后面直接痛苦面具了。看这帧大概率是猫应激伸爪子，砸下来的时候正好给了老哥脑袋一爪子,,1级评论,5,66,2025-03-27 15:01:05
鰰神月,男,还真是,会说话的牛汁,2级评论,5,0,2025-04-21 01:14:38
账号已注销,保密,对于猫这种智商低下的生物，大家叶公好龙一下喜欢喜欢猫娘之类的就得了，现实中的还是能远离就远离不要养,,1级评论,0,43,2025-03-26 07:25:39
雨者熄心,男,养猫的应得的,,1级评论,5,10,2025-04-04 19:18:55
S_K_A_D_I,保密,猫儿发癫打碎杯子就拿它打碎的杯子碎片给他爪子割了[呲牙],,1级评论,6,35,2025-04-15 18:54:32
默诺IX,男,记不住的吧,S_K_A_D_I,2级评论,6,1,2025-04-22 23:48:58
S_K_A_D_I,保密,回复 @默诺IX :那肯定是记不住啊，指甲都剪光了都记不住,S_K_A_D_I,2级评论,6,8,2025-04-23 01:18:05
周黑鸭PROMAX,女,为啥猫只要爪子边上有点啥都想扒拉下去啊[翻白眼],,1级评论,6,19,2025-03-26 20:04:32
姜大橘,保密,闲的,周黑鸭PROMAX,2级评论,6,9,2025-03-27 09:52:35
WPH_子瓜,男,听说是用爪子（触觉）感知物体[藏狐],周黑鸭PROMAX,2级评论,5,0,2025-04-04 01:51:34
忽略存在,男,略猫区这招太狠辣😡,,1级评论,6,34,2025-03-26 15:34:27
默默路过的点赞侠,男,要不 你俩 打一架 赢的人再决定 怎么念[喜极而泣][笑哭],,1级评论,6,19,2025-03-26 19:32:56
杜王町免费牛排店,保密,暹罗（luo）猫（mao）,默默路过的点赞侠,2级评论,6,10,2025-03-26 22:31:24
绯乺,男,回复 @杜王町免费牛排店 :你说的对,默默路过的点赞侠,2级评论,6,0,2025-03-27 15:42:52
寒暑花舞,保密,这是真的剑呐，为什么会有这种行为啊（红温）,,1级评论,5,72,2025-03-25 23:20:18
チャリオレクイエム,男,大部分猫果然是又纯又剑,,1级评论,4,18,2025-04-12 23:08:57
访冬易书钦,保密,猫不记打是因为打得不够狠，让他感到生死危机就老实了,,1级评论,6,52,2025-03-27 10:42:17
开纪の小号,保密,所以为什么猫会这样突然发癫？,,1级评论,4,25,2025-03-26 01:05:25
枫江落月,保密,胆子小又贱，一次犯贱会引起连锁反应发疯,开纪の小号,2级评论,6,53,2025-03-26 01:25:32
给给踢,男,因为猫很蠢,开纪の小号,2级评论,6,29,2025-03-26 01:54:16
风过草,女,一些小孩的破坏力和这些猫也不相上下[doge],,1级评论,5,41,2025-03-31 18:29:46
风过草,女,回复 @关逼王2 :但小孩的手比猫灵活，防火烧家之类的小孩做得到[滑稽],风过草,2级评论,5,12,2025-04-02 09:53:15
龙神龙月,男,"小孩是人，人是听得懂人话的
至于猫嘛，畜牲是听不懂人话的",风过草,2级评论,5,58,2025-04-02 10:15:03
阿拾与斯派克2,男,家里真有这种猫，它做错一次事，我直接把他提干[doge_金箍],,1级评论,4,23,2025-03-26 17:58:19
橙天明,男,提干提干提起来干,阿拾与斯派克2,2级评论,6,8,2025-03-26 18:41:43
平安河南,男,做错事就能提干？我也想提干。,阿拾与斯派克2,2级评论,5,1,2025-04-23 21:22:56
不期不会,保密,🐱的智商低的可怕，不如🐶一根说实话，而且还喜欢乱咬乱动，纯粹大号🐭,,1级评论,6,52,2025-03-26 12:30:05
かつキ,保密,别尬黑，花枝鼠还是比猫聪明的,不期不会,2级评论,5,4,2025-03-27 07:47:47
沪宁杭节度使,男,小猫咪，白又白，尾巴长长竖起来，割腕静脉割动脉，一动不动真可爱[星星眼][星星眼][星星眼],,1级评论,6,8,2025-04-17 12:54:34
抹茶拿铁加点辣,保密,开！向略猫区开战！[汤圆],,1级评论,6,8,2025-03-31 06:44:14
AAA鹈鹕镇服装设计师,女,有些视角的主人更神[笑哭]，看着猫搁那乱搞还在拍，前面那一个床垫倒下来明明看着倒都不去把猫赶下来硬生生想被砸,,1级评论,5,43,2025-03-26 10:12:11
文乃乃,男,"“哈基人，我不想再哈气了”，剑猫在第3924次哈气后一改常态，趴在地上，眼神中满是疲倦“我改主意了，想做一只豪猫。”

虽然毫无征兆，但我却并不震惊，反而在平淡有一丝解脱。

剑猫刚生下来就是剑猫。因为对母亲哈气被拍飞，从屋顶掉下，一头撞在电瓶车的遮雨篷上晕了过去，又被我载回了家。

我试着养它，然后就知道了它是天生的剑猫。等它两周大时我试着训它，然后就明白了它是完美的剑猫。

它的每根毛都能完美地竖起，每根爪子都能随意收缩。亮爪圆头棘背哈气在第一次应激时就能一气呵成，甚至长时间维持也不会劳累。仿佛这套连招在使出前就已练习过成千上万遍，仿佛它的肉体就是专门为此而打造。

所以在它两个月大时我便毫无保留放心大胆地爱它了，而它也从未厌倦，即使最后累倒在地上，眼神中依旧是不屈和愤怒，等到了第二天它又能生龙活虎地哈气。

但不知什么时候，我好像越来越离不开它了。爱它已经成为我的日常生活，就和吃饭喝水一样无法删减。可是我明明已经有些厌倦爱它了，每天千篇一律的爱让我感到无聊，不过要是不爱，我又会感到极其不适。

后来我终于发现了，原来让我不适的不是没有爱它，而是没有陪它。在内心深处我或许已经幻想着与它和谐相处了吧……但这是不可能的，它是天生的剑猫，完美的剑猫，为阐述【贱】而降生的猫。

在一年后的凌晨，我像往常一样爱着剑猫，但它只哈了一口气就躺倒在地上。即使体力没有耗尽，眼中也仍出现了它这辈子从未有过的疲倦“我想做豪猫了……”

我迟疑地伸出手摸了摸它的背，这次它没有再棘背圆头，打了个哈欠又翻身露出肚皮，我才知道它已经变成豪猫了。

“好……”我轻轻抱起它放到腿上，它则温顺地趴着，用不再圆的头蹭了蹭。我们就这样静静地坐在一起……

窗外的朝阳🌇缓缓升起，在这个平凡的清晨，一只天生的剑猫结束了猫生中的最后一次哈气。",,1级评论,6,71,2025-03-27 10:20:20
零梦遥,保密,求出处[笑哭],文乃乃,2级评论,6,1,2025-03-30 00:27:38
好想摘棉花,男,天才啊,文乃乃,2级评论,6,1,2025-04-12 09:40:14
辰彩虹,男,就算我家里有只猫，我还是觉得猫的智商是真的低,,1级评论,5,23,2025-03-26 15:45:56
神秘棍木,保密,不要踢挑战吗？有点意思[笑哭],,1级评论,3,40,2025-03-25 20:13:28
大聪明乐某,男,坚持一秒也很不错了[星星眼],神秘棍木,2级评论,6,2,2025-03-25 21:37:30
永雏塔菲1883版,保密,我在不要踢挑战里成功坚持了0.01s，你也快来试试吧[妙啊],神秘棍木,2级评论,5,2,2025-03-25 23:24:07
您没逝ba,男,丝猫，还是我家狗子好,,1级评论,5,21,2025-03-28 18:07:16
West_Lannn1202,男,同意,您没逝ba,2级评论,5,0,2025-03-30 13:27:11
月影風橋園,保密,哈哈哈，你们养猫人应得的,,1级评论,5,23,2025-03-26 11:20:30
amnszero,保密,我没看到猫啊，我只看到了很多足球,,1级评论,4,7,2025-04-21 12:21:38
教授炒馍没得洗,保密,比老鼠危害大[支持]猫儿这个能干,,1级评论,5,19,2025-04-20 16:52:36
Boomer☆的胆汁酱,男,百吨王最心急的一集,,1级评论,6,7,2025-03-26 00:39:55
磷与帕德玛,保密,反正猫这种生物我觉得看看就行了，真的养不了一点，陆地上的我还是觉得养狗狗好一点，要是有条件的话也可以养一下同为猫科的老虎[doge],,1级评论,6,21,2025-03-26 14:10:32
檎サ吩ス蠎泌セシ,女,很难不对这种纯毛开大脚[呲牙],,1级评论,4,14,2025-03-27 08:41:02
沪宁杭节度使,男,这样的🗡️🐱我已经爱死好几只了[星星眼][脱单doge][大哭],,1级评论,6,77,2025-03-30 09:45:45
YozuraTM,男,讲讲,沪宁杭节度使,2级评论,6,3,2025-03-30 10:10:51
TAB-shui水源,男,基米毁灭者,沪宁杭节度使,2级评论,4,7,2025-03-30 11:42:34
窝柿羊尾南,保密,有几个还是挺危险的，感觉这世界上真有被猫杀死的人,,1级评论,6,6,2025-03-26 10:25:04
猪蹄儿味芋圆儿,男,它不哈气我都要哈气了[天依游学记_好好好],,1级评论,6,6,2025-03-27 13:23:43
idV_Vbi,男,幸好我家是乖猫，不哈气不乱翻东西爱撒娇,,1级评论,6,26,2025-03-27 09:50:31
妳的微笑慌亂了我的骄,保密,猫儿这个周正，猫儿这个乖顺,idV_Vbi,2级评论,3,4,2025-04-06 02:07:55
瑰梦寻尘,保密,这些人好贱啊，为什么要入侵豪猫住的地方，不应该把整个屋子都给它么？[笑哭][笑哭][笑哭],,1级评论,6,16,2025-04-23 10:49:58
奶泡ミルクフォムー,男,猫发狂咬主人是啥情况,,1级评论,6,17,2025-03-26 23:52:32
拓扑学学生,保密,大刀斩首就行了,奶泡ミルクフォムー,2级评论,6,12,2025-03-27 09:48:27
无风的痕迹,男,猫觉着它才是主人,奶泡ミルクフォムー,2级评论,6,12,2025-03-27 12:40:45
西部无名客,保密,刚养两个月的可爱狸花，说实话猫这种生物该训就要训该打就要打，千万别当祖宗供着。尤其是在幼猫时期必须要确立你的主人地位，要它从小知道武力对抗不过你，食物也是来自你，那自然就会变成乖猫。我这只就是，挨了几次揍以后反而更黏人了，也知道有些事不能做会被打了，养起来就省心很多,,1级评论,6,18,2025-04-16 11:25:52
U困困兔U,女,刚看完这个视频就听见咣当一声，我们单位的猫把水桶弄倒地上了，撒了一地水[辣眼睛],,1级评论,5,3,2025-05-06 12:44:15
洛可可式可乐,男,无敌对比,,1级评论,6,14,2025-04-12 18:20:24
一亦是无意识,男,这辈子从没这么想穿越到手机里面[笑哭],,1级评论,6,12,2025-03-26 12:49:06
阿玛昆的巫妖卫,女,你说得对 但我家有一只极品豪猫从来不闹不叫还亲人,,1级评论,6,32,2025-03-27 15:33:56
咬人跳跳猫,保密,猫给我，再给我包200块钱红包,阿玛昆的巫妖卫,2级评论,6,13,2025-03-27 16:19:03
咬人跳跳猫,保密,回复 @刻耳和柏以及洛斯 :绝品好猫是我的😡😡,阿玛昆的巫妖卫,2级评论,6,1,2025-03-27 22:47:19
招财之终橘之战,保密,看到一半就去找降压视频[生气]不然得到街上到处哈气了,,1级评论,4,7,2025-03-26 02:01:00
bipyramidal,男,活圈夹基米音乐这一块[笑哭],,1级评论,6,22,2025-03-25 21:57:22
新意都没no,男,大耗子,,1级评论,5,5,2025-04-13 15:05:21
忘迹Wtki,保密,"本赛季战绩不完全统计：
各类餐具×8，花瓶×5（爆金币×1计入），电视×4，镜子床垫天花板各3，桌子×2，化妆品一桌，噬主×4，其余杂项×16，累计49杀[doge]",,1级评论,6,5,2025-04-12 20:06:45
ー根金条,保密,好，看到高血压了[藏狐]你应该向我支付看这段视频的费用,,1级评论,5,5,2025-03-31 04:37:43
天才少女辣椒,女,捡的，特乖,,1级评论,6,5,2025-04-06 17:11:41
兰兰柠檬,男,"基米打翻杯
星河倒悬主板上
未保存文档",,1级评论,5,5,2025-03-27 11:27:35
命苦爱玩救人位,女,我平时挺喜欢云撸猫的，为什么看着视频拳头硬了,,1级评论,6,30,2025-03-26 14:59:22
AI哲哲,保密,给你撸的猫当然都是豪猫，这种坏猫主人都想打,命苦爱玩救人位,2级评论,5,8,2025-03-29 20:36:59
XCyrus,保密,底层代码就是这么蠢,命苦爱玩救人位,2级评论,6,15,2025-03-26 15:53:24
柯西是什么溪,男,"我姑姑家里养的好像是一只有狼狗血统的我也不知道什么狗，皮毛油光发亮，那种两米的栏杆都能找法子跳出去（比如找个附近有台阶的地方），单纯就是因为感情好所以一直留在家没往外跑
反正我就因为这个成了狗派，养这种动物不比猫帅多了",,1级评论,6,6,2025-03-27 07:45:20
EX圣,保密,发生在别人身上我会笑得没心没肺，如果发生在我生上我会怒得没心没肺,,1级评论,6,4,2025-04-27 21:14:05
旧城遗尘,保密,这些🐱养的太肆无忌惮啊。没有烦恼也没有阶级意思，基本上都是被宠坏的孩子,,1级评论,5,4,2025-04-21 23:03:24
旧城遗尘,保密,然后一遇到特殊情况又特别容易应激，甚至于攻击性翻倍,旧城遗尘,2级评论,5,2,2025-04-21 23:04:14
不来杯冰红猹吗,保密,有的猫智商上限就卡在那了再怎么供着也没用[笑哭],,1级评论,6,4,2025-04-29 06:34:48
Cindorolla,男,出生猫直接炒一盘,,1级评论,6,4,2025-04-21 13:47:41
-_APOCALYPSE_-,女,告诉你坝这跟耗子有什么区别,,1级评论,6,4,2025-04-20 17:22:40
今晚早点睡吧qvp,男,还是养狗好了，狗越打越亲你，而且打一顿就涨记性了。你打猫一顿，猫不会知道错了，看见你只会哈你,,1级评论,5,4,2025-04-13 13:33:59
元柒呐,男,养到银渐层橘猫还能不爱的是这个👍🏻,,1级评论,6,4,2025-03-28 14:20:27
天武杀劫_断神道,保密,还是🐶好，老实的一比,,1级评论,4,7,2025-05-02 10:03:04
网友别太敏感肌,保密,鉴狗也一样拆家。。。。不管是什么宠物只要太鉴了都不行…,天武杀劫_断神道,2级评论,5,3,2025-05-02 14:25:50
超级无敌小58,男,这能忍住不一脚踩死也是神,,1级评论,6,9,2025-04-04 08:40:39
给我捏一捏,保密,想薅着脖子扔出去五米远[呆],,1级评论,5,3,2025-04-21 22:22:39
遇见霉霉,保密,这种东西还有这么多人喜欢,,1级评论,6,3,2025-04-14 22:16:33
名越進,保密,这哈吉米音乐都是从哪儿找的？[喜极而泣],,1级评论,6,3,2025-04-23 09:38:34
瑰梦寻尘,保密,全民制作人[doge_金箍],名越進,2级评论,6,1,2025-04-23 10:50:12
末法之世中的琐什扬斯,男,伪装成哺乳类的昆虫，只靠本能反应行动,,1级评论,5,3,2025-04-10 03:23:42
纳西妲的老公official,男,看到猫小子被猫整，没办法就好爽,,1级评论,5,3,2025-04-20 19:15:28
想娶棗伊吕波的sensei,男,@穗满梨萤 @泠月Donata @妖刀OvO @懿筆江風 @爱莉今天吃什么,,1级评论,4,3,2025-04-19 15:06:48
烟昭杨,保密,养猫欲望从零变到了负数,,1级评论,6,3,2025-04-12 19:17:58
斗转参横,保密,给我的哈基鞋看应激了，想开大脚了,,1级评论,6,3,2025-03-27 18:14:31
唐尼村村长,男,不如我家狗一根毛智商高,,1级评论,6,3,2025-03-27 17:47:02
云银Linky丶Y,男,猫真的像大号老鼠,,1级评论,6,3,2025-03-27 17:27:42
梦绮楼丶,保密,@MeilyXY @一只仙羊 @擅长助攻的鹰川堇同学,,1级评论,6,3,2025-03-26 01:54:20
尹潮朴博哲,保密,Master我是豪猫吗,,1级评论,5,3,2025-04-01 22:46:11
闪烁风林,保密,太逆天了，猫那个屁眼就光溜溜往床上桌子上怼。,,1级评论,5,3,2025-03-27 04:08:53
Memesence阿染,保密,建议养哈基蓝哈基缅和哈基暹，情绪稳定不会发疯，贵是贵了点,,1级评论,6,3,2025-03-26 12:25:32
逍遥_剑侠,保密,谢谢up打消了我养猫的想法[无语][无语][无语],,1级评论,6,4,2025-03-26 12:55:52
不Li人的小锂,男,有一只超级好猫，不吵不打人不搞破坏，从来没有哈气过，爱看,,1级评论,4,7,2025-03-27 07:24:11
我非常爱吃面包,保密,好猫的问题是只能家养，在外边会被欺负,不Li人的小锂,2级评论,6,3,2025-03-27 07:50:42
不是六花本花,女,可爱,不Li人的小锂,2级评论,6,0,2025-04-01 00:16:45
豹豹憧憬成为魔法183,保密,@天塌了--先喝罐可乐,,1级评论,5,2,2025-05-10 02:09:50
dea探员,男,单核单线程的脑子是这样的,,1级评论,6,2,2025-04-28 09:53:34
御坂19058号,女,@葱青色惑星  不笑我输[大笑],,1级评论,6,2,2025-04-27 22:30:34
再逢依然如故,保密,这种智商又低又剑的生物是怎么活到现在不被淘汰的,,1级评论,6,2,2025-04-21 01:13:22
直升机之子科比,保密,靠本能啊，所以脑子不会进化，比猫蠢得生物可太多了，照样活的好好的，只是人类喜欢养猫，猫也没驯化过，想融入人类社会比较难，相比起来狗这点就好很多,再逢依然如故,2级评论,5,1,2025-04-23 01:53:54
再逢依然如故,保密,回复 @直升机之子科比 :还真是,再逢依然如故,2级评论,6,0,2025-04-23 21:21:46
那一页的风琴,女,想略😋,,1级评论,4,2,2025-04-20 21:24:16
黄鸡公主官方-账号,女,该喂巧克力了👍,,1级评论,4,2,2025-04-20 13:34:18
胖丁真是萌萌哒,保密,有点像小时候玩的剑猫模拟器[永雏塔菲仲夏集_福利脸],,1级评论,5,2,2025-04-18 15:11:24
胖丁真是萌萌哒,保密,艺术来源于现实不是乱讲,胖丁真是萌萌哒,2级评论,5,0,2025-04-18 15:13:18
1-甲基,保密,@巧合啊咧咧 适合生活如意的人看,,1级评论,3,2,2025-04-14 18:49:38
莫忘记发出尖锐的声音,男,猫爪全剁了，牙拔了,,1级评论,5,2,2025-04-25 09:53:23
千古帝王-嬴政,男,哈！,,1级评论,5,2,2025-04-13 15:10:28
一只野生显微镜,保密,看到这个我现在不爱猫了，我现在改爱大口径机炮了,,1级评论,4,2,2025-04-20 04:24:16
逗比的铁块,男,@补柿戈门 @秋沢夏江 @鹤山隐眠,,1级评论,6,2,2025-04-20 03:27:22
补柿戈门,男,爱了,逗比的铁块,2级评论,6,0,2025-04-20 10:37:17
常守寄,保密,养猫人应得的😂👌,,1级评论,5,2,2025-04-18 21:58:26
人在月球z,保密,@自律的大怪兽有多可怕 @二五仔头子孙一峰 @七傲啊,,1级评论,6,2,2025-04-18 12:32:48
圣骑士猎杀坦克,男,养这不如养我呢[鸣潮_嗯],,1级评论,3,2,2025-04-17 18:56:43
R洛九盐,女,怎么说呢，养猫狗贵重物品就别放外面，收柜子抽屉里就好，动物喜欢上蹿下跳的无法避免，如果接受不了就别养。,,1级评论,5,2,2025-04-17 18:49:43
绣球花之庭,保密,猫真是个他妈的混蛋动物,,1级评论,5,2,2025-04-16 11:12:07
-如果-,男,建议视频标题改为治疗低血压。[doge],,1级评论,6,2,2025-03-28 00:41:08
负债魔女米林林,女,看的想哈气了,,1级评论,6,2,2025-04-06 16:17:20
造梦者无限,男,太好玩了，我最喜欢看你们养猫了[以闪亮之名_爱你哦],,1级评论,5,2,2025-03-27 18:59:00
关逼王2,保密,我养猫的也看着舒适，因为我不让我家猫爬高的[滑稽],,1级评论,2,2,2025-03-26 14:11:42
美利坚前总统败登,保密,猫的脑子在想什么才会去攻击电灯泡和咬玉器扒水杯？,,1级评论,5,2,2025-03-26 12:33:01
你的品味很低,保密,fw哈吉人活该,,1级评论,6,2,2025-03-26 01:21:41
艾雅法拉真的强,保密,教育的不好,,1级评论,6,2,2025-03-25 22:15:06
牢大家的女人1,保密,啊啊啊宝宝真的是一个香香软软的小蛋糕,,1级评论,2,2,2025-03-31 03:26:41
素敵滅法X,男,不是这种蠢比生物是怎么不被自然淘汰的？？,,1级评论,6,2,2025-03-29 20:28:49
朕冷,男,有哈基人的投喂自然怎么淘汰,素敵滅法X,2级评论,4,2,2025-03-31 18:23:34
奶顺嗝official,保密,@1376理塘益西 @Testmelon 想振兴国足了,,1级评论,6,2,2025-03-26 22:14:51
寂しさは,男,金典奶油猫,,1级评论,5,2,2025-03-26 11:17:23
百木灰,男,大老鼠合集,,1级评论,6,2,2025-03-26 02:22:41
枫江落月,保密,把我看哈气了,,1级评论,6,2,2025-03-26 01:23:02
果然想睡觉zZ,保密,主打一个活着就是奇迹,,1级评论,5,2,2025-03-26 00:04:45
WhiteInk_墨白,保密,能忍住不爱的都是这个👍了,,1级评论,5,2,2025-03-25 23:49:37
萌新小瓜,男,怎么还双重BGM[腾讯招聘_流汗],,1级评论,6,3,2025-04-02 09:44:46
you开心ok,男,爱看，UP加油！,,1级评论,6,3,2025-03-25 18:29:32
魂魄妖夢だ,保密,光看着就生气了😡，要是落我手里至少得变成三块肉,,1级评论,6,1,2025-05-05 20:13:44
酷夏霜冷,保密,危害比老鼠大俗称大号老鼠,,1级评论,6,1,2025-04-29 13:19:01
改名花光了积蓄,女,我养狗都不养猫,,1级评论,5,1,2025-05-05 17:01:28
颜月无颜,男,猫奴们应得的,,1级评论,6,1,2025-05-05 14:00:02
审判天使----阿巴顿,男,哈！,,1级评论,6,1,2025-04-22 19:23:44
醉舞之,保密,现已加入柔情猫娘收藏夹,,1级评论,5,1,2025-04-22 07:44:36
清梦Sagi,保密,私人三重音乐,,1级评论,5,1,2025-05-02 21:00:43
我妻ミク,保密,毛尾老鼠,,1级评论,6,1,2025-04-21 00:25:27
bili59566049531,保密,耄小子的辐报,,1级评论,2,1,2025-05-01 00:46:31
奥斯曼的哈里发,男,[辣眼睛][辣眼睛][辣眼睛][笑哭][笑哭][笑哭]@THE_兔子重度依赖,,1级评论,3,1,2025-04-30 16:32:48
狄_思玛斯,保密,看的我想强手裂颅了,,1级评论,6,1,2025-04-18 16:11:16
聪明华法琳,保密,熵增有力贡献者,,1级评论,6,1,2025-04-27 09:56:02
咕咕两个桃,女,@xxxbbbooo,,1级评论,6,1,2025-04-26 19:23:02
E探,保密,UP主加油！看好你噢~,,1级评论,6,1,2025-04-14 21:51:53
w仓仓w,女,看完不想养猫了[热],,1级评论,5,1,2025-04-14 21:14:54
coolsou1,保密,@灭霸詹MVP @陆醒_Official @隔壁班滴小朋友 @夜愿NightW1sh @想尝尝耗子尾汁的味道 @404NotFoundsos @l-龍-l @一阔晓米,,1级评论,6,1,2025-04-13 14:05:35
灭霸詹MVP,男,应激了,coolsou1,2级评论,6,1,2025-04-14 11:43:53
只为最亲的人而活,男,只想养暹罗，就是黑我也要养，毕竟暹罗乖猫率多，泰国皇室严选，不乖的都被🐘踩踩背了,,1级评论,6,1,2025-04-12 16:12:00
Demons-1999,男,小时候看这集直接把家里猫当足球踢了[笑哭],,1级评论,4,1,2025-04-22 17:21:24
舅舅家喔喔,男,这种一般要把孬子劈开取出风涎,,1级评论,5,1,2025-04-22 17:01:32
食草凉先辈,保密,@雪童XT @_Lingo- @無聊的E,,1级评论,5,1,2025-04-21 14:26:27
_Lingo-,保密,简猫,食草凉先辈,2级评论,6,1,2025-04-21 16:50:47
霄汐汐,男,想流浪了，那些追着人咬哈气的猫我是真想打[生气_金箍],,1级评论,5,1,2025-04-21 12:59:39
綠色柠檬,保密,@k0meij1_SaYURI,,1级评论,6,1,2025-04-06 14:03:28
香蕉菠萝哈密瓜114514,男,@安-柘,,1级评论,5,1,2025-04-16 18:26:07
安-柘,男,坏🐱👎👎👎,香蕉菠萝哈密瓜114514,2级评论,5,0,2025-04-16 18:39:42
芜产芥极,男,神人才会养出这种猫，或者选这种猫养[嗑瓜子],,1级评论,5,1,2025-04-13 12:39:36
Teio0000,男,@-飞影大王- @永远的猫三岁 @双龙市 @芥雏子不是花 @是梦玄呀 @东百帝王 @齐宝阳光 歌,,1级评论,5,1,2025-04-02 10:55:28
Teio0000,男,回复 @永远的猫三岁 :哎哟我,Teio0000,2级评论,5,0,2025-04-02 14:46:14
永远的猫三岁,男,我在想为什么国足那么差呢🤔,Teio0000,2级评论,6,0,2025-04-02 14:38:22
能五冠吗,男,小时候我爷养的猫就挺乖的,,1级评论,6,1,2025-04-01 10:32:07
魔法少女Sachiko,保密,@图门塔如此高耸 @牧孖 @不会绝情的春华 @逃跑的潮 @梦貘沉眠 @志文わお @长安喵喵仔 @激昂小笨笨 @王秀丽_Offical @幽蝶化烬,,1级评论,5,1,2025-03-31 01:41:29
长安喵喵仔,保密,[飞鼠Piki_炎拳],魔法少女Sachiko,2级评论,5,0,2025-03-31 01:43:23
说的硅胶,保密,哈！,,1级评论,3,1,2025-04-07 21:28:54
阿玛昆的巫妖卫,女,后续来了 邪恶吃醋银渐层狠狠嫉妒乖乖奶牛猫被宠爱了,,1级评论,6,1,2025-03-28 12:56:06
躺桌上,男,猫猫施工队  出动！！！,,1级评论,3,1,2025-03-27 19:37:46
air_original,保密,关笼子里什么事都没了,,1级评论,5,1,2025-03-27 14:33:12
是老何头儿哦,保密,为什么会有这么多FW哈基人 猫蠢就算了被咬还不敢还手的[辣眼睛],,1级评论,6,1,2025-03-27 12:59:33
Dian滴滴,男,所以养猫前就要做好心理准备，不然有你好受的,,1级评论,5,1,2025-03-27 11:43:31
沙奈朵能干嘛,男,@cpr233,,1级评论,5,1,2025-03-27 09:06:41
精灵yyyyy,保密,那咋了[笑哭][笑哭][笑哭],,1级评论,5,1,2025-03-26 22:45:23
半轴折断器,男,这种贰逼猫能打过来吗？,,1级评论,6,1,2025-03-26 18:20:45
杜撰的传说,保密,@烟雨陌无尘 @黑狗Kriren @高忠拉面,,1级评论,6,1,2025-03-26 17:46:18
233火龙果,保密,这才是猫奴的主人呀[傲娇],,1级评论,6,1,2025-03-26 16:43:40
隋暨昇晟甬扈瞑,男,猫都很正常，养猫的人相比条件一样的不养猫人平均而言花钱和死亡率都更高,,1级评论,6,1,2025-03-26 16:18:29
夕宝专属老公,男,@迷迭香耶,,1级评论,5,1,2025-03-26 15:34:51
某科学的Misakas,保密,@TigerRom,,1级评论,6,1,2025-04-05 09:46:55
豆豆涡,保密,养猫需谨慎,,1级评论,5,1,2025-03-26 11:20:17
双手不是名字,男,我看片都没这么想穿越过去[卡拉彼丘夏日竞逐嘉年华_神经],,1级评论,6,1,2025-03-26 09:52:30
点燃星海_流萤_FireFly,男,这种猫爱起来毫无心理压力[呲牙],,1级评论,6,1,2025-03-26 09:19:49
修真者驱逐善魔修,男,这种破坏东西的真不如咬人，都送走吧,,1级评论,5,1,2025-03-26 09:16:59
无字亦无晤,保密,我有一计，在家里重要的地方放老鼠夹,,1级评论,5,1,2025-03-26 08:17:14
勇敢的晴香部长,男,@命运追随,,1级评论,6,1,2025-03-26 01:42:36
勇敢的晴香部长,男,@栗悟饭--龜波功,勇敢的晴香部长,2级评论,6,0,2025-03-26 01:42:41
月球牢大结城理,保密,@洛七燕 @爱因斯坦的棺材 @斗技场优质呆猫,,1级评论,4,1,2025-04-04 19:55:16
Verrechtlichung,男,@到处d的Francesco 略猫区,,1级评论,6,1,2025-04-03 15:40:31
到处d的Francesco,女,那我祝你天天跟这些猫住一窝却没法打到他们,Verrechtlichung,2级评论,5,0,2025-04-03 15:43:24
yoko,保密,真想虐猫啊,,1级评论,5,1,2025-03-28 12:51:20
云烟714,保密,还好我养狗😋,,1级评论,4,1,2025-03-27 17:36:35
爱读书的保夫鲁沙,男,大号老鼠罢了,,1级评论,6,1,2025-03-27 12:32:20
大波浪锤,保密,这种随机事件遇见好的就养遇见赖的直接大🦶重开,,1级评论,6,1,2025-03-27 09:18:47
93冠军阿森纳,保密,好多足球啊[喜欢],,1级评论,6,1,2025-03-27 08:45:06
不对劲的计小枫,男,不如养手机[藏狐],,1级评论,5,1,2025-03-26 21:01:41
理塘派蒙,保密,智力太低导致的,,1级评论,6,1,2025-03-26 14:32:10
假小子神中神,男,欠大飞脚了,,1级评论,6,1,2025-03-26 14:23:22
Aureliano134,保密,怎么没有那个一屋子猫发疯了往各个方向乱跑的,,1级评论,6,1,2025-03-26 11:34:59
友利奈绪-O-O-,保密,第一个猫是谁家魈宝[喜欢],,1级评论,5,1,2025-03-26 11:23:22
9空输,男,主动排除安全隐患，豪猫。,,1级评论,5,1,2025-03-26 10:47:03
猫山绘里香_,女,猫为啥会突然攻击主人 哈人,,1级评论,5,2,2025-04-03 18:58:38
R洛九盐,女,可能突然被什么吓了一跳，不可能没有原因攻击的,猫山绘里香_,2级评论,5,0,2025-04-17 18:41:50
一只野生显微镜,保密,你好奸商我要充月卡,猫山绘里香_,2级评论,4,0,2025-04-20 04:26:21
好色分子,男,@飞往芜湖 @墨纣 @GnarSssS纳纳纳 @平平无奇的阿yuan @十年白银不请自来 @辰龙之逆 @最强の收集者 @看你怎么说喔 @没节操的小节操君 @健康的大腮帮,,1级评论,6,2,2025-03-31 15:41:28
寰宇天夏,保密,我放的氯氰菊酯水乳剂，拌剩鱼骨，吃了很多还是活蹦乱跳，兄弟们指导下,,1级评论,4,3,2025-03-27 17:31:06
默诺IX,男,注意别搞到有主的，算别人财产,寰宇天夏,2级评论,6,4,2025-04-22 23:49:57
BlankSecret,保密,低血压治疗神器😅,,1级评论,6,1,2025-04-18 22:57:30
阿垃垃垃垃君,男,为啥你们家里这么多东西摆外边 平时不做收纳的吗[笑哭],,1级评论,6,4,2025-03-27 10:20:33
法力无边祁厅长,保密,家里面有摆件不很正常吗？,阿垃垃垃垃君,2级评论,4,9,2025-03-27 12:39:08
七曜时,男,收纳是给别人看的 你不能保证桌子上什么都没有 那不是家里 那是样板房,阿垃垃垃垃君,2级评论,6,11,2025-03-27 13:47:12
-ZhEng-,男,养猫家里就不应该有花瓶电视平板手机电脑陶瓷化妆台镜子天花板猫粮水杯碗筷梯子衣架以及主人 都是fw哈基人 别赖猫猫[笑哭],,1级评论,6,1,2025-04-07 19:27:42
小鸡------,保密,[大笑]从来不拆家,,1级评论,3,1,2025-04-06 08:28:58
新颖鱼,保密,哈哈哈哈哈，我只能说这里面真有哈吉人，而且还生气了😋😋😋,,1级评论,2,1,2025-04-13 01:37:25
鹅菌快点投,保密,养猫的家里不应该放任何瓷制和玻璃物品，保护可爱的猫猫,,1级评论,2,1,2025-03-31 17:02:08
TXZ_轮滚慢慢,保密,猫猫调皮一点怎么了？不要看什么都应激[星星眼],,1级评论,5,1,2025-04-09 17:50:58
Arnoland,保密,把猫一直关在这么个小空间里，精力无处发泄，家具自然就遭老罪了,,1级评论,6,1,2025-03-27 15:08:44
木呵呵不丰富,男,家里养猫就不能放装饰啥的,,1级评论,6,1,2025-03-26 14:56:14
老脏龟,男,就像他们说的一样看片的时候都没有这么想穿越进去[辣眼睛],,1级评论,6,2,2025-03-29 21:58:35
空灵小茂,男,@bili_90220901758 大狗大狗嚼嚼嚼,,1级评论,6,2,2025-03-26 13:50:37
bili_90220901758,保密,捞,空灵小茂,2级评论,5,0,2025-03-29 17:12:42
Memesence阿染,保密,看完就想狠狠的爱猫了，可惜香港的猫都被爱完了,,1级评论,6,2,2025-03-26 12:34:40
寰宇天夏,保密,"我买的驱鼠化醇➕鱼罐头还没死,兄弟们,买雷公藤甲素管用不。",,1级评论,4,2,2025-04-25 11:06:37
鬼鬼祟祟的小人物,保密,？猫比狗聪明多了，狗啥也不会，这是活力满满的表现,,1级评论,4,3,2025-04-19 23:17:19
理塘戒哥,男,孝顺,鬼鬼祟祟的小人物,2级评论,6,9,2025-04-20 16:17:25
花期落尽,男,回复 @鬼鬼祟祟的小人物 :哈吉米的土豆cpu,鬼鬼祟祟的小人物,2级评论,5,7,2025-04-20 11:10:27
食麵揸車,男,猫就是大耗子 但没耗子聪明[微笑],,1级评论,6,2,2025-03-30 12:59:21
樱井椎子,女,不会搞bgm可以不加[辣眼睛][辣眼睛][辣眼睛][辣眼睛][辣眼睛],,1级评论,6,1,2025-03-27 06:08:50
推进之王维娜_,保密,好听，爱听,樱井椎子,2级评论,6,5,2025-04-02 12:42:25
血亏是福,保密,不想听自己退出去,樱井椎子,2级评论,6,2,2025-04-20 11:55:52
insomniaF,男,我感觉我家的猫真的是绝世好猫，性格稳定，从不抓人咬人，就算你用两只手提它两只后腿让它倒挂它也不挣扎[doge_金箍]，大家可以进我主页看看我的豪猫🐱,,1级评论,5,2,2025-03-30 18:25:11
文学之森的睡美人,男,@我是小森ww,,1级评论,6,1,2025-03-27 00:41:08
我是小森ww,女,我准备好了,文学之森的睡美人,2级评论,5,0,2025-03-27 07:56:37
-小然awa-,男,养猫的都是神人 [笑哭],,1级评论,6,1,2025-03-27 23:22:21
陈威廉在燃烧,保密,晒晒我家的极品豪猫,,1级评论,5,1,2025-03-27 18:26:27
少女击剑中,男,没有四肢的猫才是好猫,,1级评论,6,1,2025-03-27 12:12:59
时间使故事发芽-_,保密,我就想问，这些地方是小猫生存的地方吗，主人不好好培养，小猫犯错很正常，你们就是这么教育小猫的，还觉得自己很有理了是不是？,,1级评论,2,1,2025-03-28 07:38:10
幸福安心委員会の会長,保密,猀坒,时间使故事发芽-_,2级评论,6,5,2025-03-28 22:22:03
CrCat66,男,bro养过猫吗，BYD你指望它多聪明，底层代码不可变,时间使故事发芽-_,2级评论,4,4,2025-04-05 03:43:55
狂人的剑歌,保密,@Meowth-MT,,1级评论,5,0,2025-05-14 11:37:33
化外散仙,男,@OpsComputer @RichardZ_ @Shadowl影枭 @Yuzuri柚子,,1级评论,5,0,2025-05-13 10:25:22
Shadowl影枭,男,冒小子的福报啊我看,化外散仙,2级评论,6,0,2025-05-13 12:31:49
关逼王2,保密,这就是我不让猫爬高的原因。当然挠东西窗帘这种真改不掉，只是不在我面前挠[笑哭],,1级评论,2,0,2025-05-11 11:20:47
探病中的碇真嗣,男,爱人TV,,1级评论,5,0,2025-05-11 10:32:04
南风洛川,保密,来一根pl12爱猫飞棍就好了,,1级评论,4,0,2025-05-10 11:37:41
GOdiezalzx,保密,哈撸猫,,1级评论,4,0,2025-05-09 10:34:15
落花依白,男,@铂企的金箔@球球-大帝@青云_cyan@Yunjins_Dolphin@不想吃狗粮但却忍不住@s_c_p457@雪乃の天下第一@晚亭听风雨@爱吃鱼的鱼肉,,1级评论,5,0,2025-05-08 23:47:19
球球-大帝,女,这青云真是随叫随到啊[少女乐队的呐喊表情包_噫],落花依白,2级评论,4,0,2025-05-09 00:02:35
青云_cyan,保密,[少女乐队的呐喊表情包_哈？],落花依白,2级评论,5,0,2025-05-08 23:58:21
他丘之露,男,看片时都没这么想穿越过去,,1级评论,5,0,2025-05-07 11:05:20
SonyrapeNintendo,男,猫和人一样有性格和个体差异，蠢得离谱和性格恶劣的猫比比皆是[doge_金箍]。我家那俩猫猫虽然平时调皮，但是整体来说还是过于可爱。这视频里面的猫一个比一个逆天,,1级评论,6,0,2025-05-07 09:47:34
洛启桜华,男,我家就平房，有个院子让猫来回跑。所以楼房养猫还是太麻烦了。[doge],,1级评论,6,0,2025-05-06 13:01:56
謎亭,保密,我们家以前养的猫根本就不在家里乱跑，都往山上跑。所以把猫放到农村就行了。要不然专门搞个猫房，不准它到别的房间捣乱。,,1级评论,5,0,2025-05-04 19:51:52
传奇耐碎王水晶奇侠,保密,建议改成：猫的几百种作死小技巧,,1级评论,5,0,2025-05-04 08:33:31
什么都没有还敢开店诶,男,野猫大多都很吓人  以前不明白为什么会有人花大价钱去买宠物猫，后来自己短暂的跟同事的布偶猫相处过一个月才知道 宠物猫虽然战斗力很低，但是真的很会讨人欢心。而且真的好乖 特别粘人，感觉跟养狗一样。每天下班回家都站在门口迎接我，感觉一天的疲惫都扫空了。,,1级评论,6,0,2025-05-13 21:38:17
黎明の决意,男,这种猫我一脚能踢十来米,,1级评论,6,0,2025-05-13 02:46:55
uttozu丶official,男,@Sanya_Chizuru,,1级评论,6,0,2025-04-29 09:30:16
Sanya_Chizuru,男,[星星眼][星星眼],uttozu丶official,2级评论,6,0,2025-04-29 09:36:54
崇祯皇帝朱由检,男,想搬出铁锅炖了😋,,1级评论,6,0,2025-04-29 08:46:57
ReNation,男,流浪猫多是有原因的,,1级评论,6,0,2025-05-10 12:56:25
谷速,保密,猜猜为啥虐猫的最多，没有虐鸟的？,,1级评论,5,0,2025-04-28 01:27:06
李李李素素素素素,保密,@黄金の贝阿朵莉切 @飞蛾pulingling @野生油漆兵 @神千忆 @波比不熬夜Orz @-莫言无-,,1级评论,6,0,2025-05-08 16:14:30
飞蛾pulingling,保密,嫌我过得太如意了吗我永远都不会原谅你永远都不会,李李李素素素素素,2级评论,6,0,2025-05-10 11:49:19
何其荣幸何其侥幸,保密,这些不得不掠毛了,,1级评论,5,0,2025-05-07 12:42:05
纯色海,保密,求，想看i猫TV了[给心心],,1级评论,5,0,2025-05-05 16:06:23
一诺骞金イレイナ,保密,现在在b站搜爱猫tv都搜不到了,,1级评论,4,0,2025-05-04 20:53:00
烙菜头粿,保密,猫：宜家杀手,,1级评论,5,0,2025-05-04 10:51:58
漱湍,保密,红温了,,1级评论,5,0,2025-04-21 19:21:08
゚Vergil,男,不会套项圈吊着是吧，活该屋里一团乱[调皮],,1级评论,6,0,2025-04-21 11:12:37
四次元神爹,男,哺乳类智力巅峰[支持],,1级评论,5,0,2025-04-20 22:59:10
OAOua7,保密,还好我家猫很胆小,,1级评论,6,0,2025-04-20 15:18:43
虚无中看见美,男,太短了,,1级评论,6,0,2025-04-20 00:41:01
夜莱ちゃん,男,@bbc机 @Shiina数昔日春花 应激了,,1级评论,6,0,2025-04-19 18:38:58
airshgyhvr,保密,@Poetur @VErzo @千早爱音的狗奴才 爽,,1级评论,5,0,2025-04-19 15:10:31
不爱哈气-考编版,男,@野火烧于暮色中,,1级评论,5,0,2025-04-19 13:34:57
桑塔人,女,活全家bgm,,1级评论,6,0,2025-04-19 13:02:59
殇心_心殇,男,【娘家的狗天天跑来看我-哔哩哔哩】 https://b23.tv/k9XtOMT还不如狗子安心,,1级评论,6,0,2025-04-19 06:34:13
天哈万物以基米,保密,猫爱TV,,1级评论,2,0,2025-04-29 18:41:55
天哈万物以基米,保密,猫爱TV😋,,1级评论,2,0,2025-04-29 18:42:01
给你匹股来一刀,保密,@叫智代的是我女朋友,,1级评论,2,0,2025-04-29 15:23:20
闪光重顺心,男,怎么最近体育器材广告这么多[笑哭]全是足球展示,,1级评论,6,0,2025-04-28 18:31:38
帅面睦子米,保密,@kitsune_gwyn 哎哟我的马,,1级评论,4,0,2025-04-16 17:44:07
茕兔ヽ,女,@水落烟雨,,1级评论,6,0,2025-04-15 20:39:43
咕咕两个桃,女,@dsdavxvdve32rd,,1级评论,6,0,2025-04-26 19:22:52
dsdavxvdve32rd,保密,哈吉米,咕咕两个桃,2级评论,6,0,2025-04-26 20:56:12
LioConvoy,保密,看的太爽了！,,1级评论,6,0,2025-04-24 00:21:30
Caroiy,保密,@Shiine_Ringo @ly1aos @遠坂リカ @pinana7mi,,1级评论,6,0,2025-04-12 19:09:51
DAVEwood,男,突然突发奇想，想要把这些猫的损失变成可视化，应该会更有趣,,1级评论,6,0,2025-04-12 17:13:59
badyys,男,求蓝猫视频有偿,,1级评论,6,0,2025-04-11 16:06:29
静默成空_,保密,👍,,1级评论,4,0,2025-04-21 16:15:30
菲姐世界第一可爱,女,有一半的肇事者猫是故意的原因取决于养猫人对猫的态度,,1级评论,5,0,2025-04-10 12:01:51
阿垃垃垃垃君,男,@硫叶立德的哥  桌面没啥可破坏的 我生活了一年的家也这样,,1级评论,6,0,2025-04-10 10:43:55
闪一2,保密,@雷猕猴桃,,1级评论,5,0,2025-04-20 09:27:16
DarlingJWYF,男,你们养猫离开家不关笼子里吗？[笑哭]我专门搞个大笼子，里边装修好猫猫屋，整点各种玩具，回家里也把它跟我锁一个屋，必须在我视线范围内[笑哭],,1级评论,6,0,2025-04-19 17:20:35
不上二级-本科不改名,保密,看完这个再去看虐猫，这就是生活,,1级评论,4,0,2025-04-19 15:04:43
近岳,男,@黄猫1656,,1级评论,5,0,2025-04-19 12:36:23
Xun_Atopos,男,剧本,,1级评论,6,0,2025-04-19 09:38:32
阳光快乐小牛马啦啦啦,保密,如果是哈基I加一撇或一捺是不是就不会乱跳挠了？,,1级评论,6,0,2025-04-19 01:59:03
xiaomil_,保密,自从养猫了后，我们家都是用纸杯了www,,1级评论,4,0,2025-04-07 18:47:45
共和科技执行官,男,我家猫从来不上桌，也知道乱串得在地上跑[笑哭],,1级评论,5,0,2025-04-18 18:08:23
找珀西叔叔暖手,男,有没有那种打碎东西被吓应激然后两只猫互殴起来的[笑哭],,1级评论,5,0,2025-04-18 06:51:14
癫疯造饭师emo斯基,保密,经典咏流传,,1级评论,6,0,2025-04-16 01:19:02
WindyBeana,女,@岛夏natsu,,1级评论,6,0,2025-04-01 21:04:46
Sakura丶QiKo,男,@一块泡腾片,,1级评论,6,0,2025-04-01 15:47:44
优选大床_Official,保密,能忍住不爱的也是神人了👍,,1级评论,6,0,2025-04-10 21:42:32
冰糖雪梨来一瓶,保密,喜欢养猫？😋,,1级评论,5,0,2025-03-30 22:38:12
被父亲欠下6万,男,@Agul_114,,1级评论,5,0,2025-03-30 10:32:12
小鱼笼,男,叮咚激,,1级评论,5,0,2025-03-30 09:59:44
icccccccccccccc,男,爽,,1级评论,6,0,2025-03-29 22:13:21
感悦工作室,保密,我家猫不会出现视频这种，一整天都在想着吃东西（出去打野猫打输了）,,1级评论,4,0,2025-04-08 18:58:55
Jake-游戏实况,男,人不在家竟然不关笼子 在家在放开不行吗,,1级评论,5,0,2025-03-29 13:46:37
騳騱饐龗爩麤灪爩爨癵,保密,UP主加油！看好你噢~,,1级评论,5,0,2025-03-29 12:40:05
幸福安心委員会の会長,保密,@545431 “跟前边比最正常的一集”正常在哪？,,1级评论,6,0,2025-03-28 22:15:16
KelyHacker,保密,@五仁51193 @黄色小鸟人 @你可以不化妆不戴美瞳出门 @Pesca丶,,1级评论,6,0,2025-03-28 19:45:59
可爱无需多言,女,想踢球,,1级评论,5,0,2025-03-27 22:00:47
追着疯子跑的追疯少年,男,@狄曦曦 爽,,1级评论,6,0,2025-03-27 18:33:36
-咩新鲜萝卜皮,保密,md一进来听到那BGM就绷不住了[笑哭][笑哭],,1级评论,6,0,2025-03-27 17:41:38
colorfulwww,男,@zhengbei,,1级评论,6,0,2025-03-27 17:36:54
驻马店精神院院长,男,得从小开始料理  我的猫只会钻床转缝,,1级评论,5,0,2025-03-27 17:04:28
废石托普斯,保密,哈基咪超进化！→永动基,,1级评论,5,0,2025-03-27 14:05:18
YANGGONGQING,保密,都是好猫,,1级评论,6,0,2025-03-27 13:33:23
MarceloGallardo,保密,相似了,,1级评论,5,0,2025-03-27 12:19:40
耄耋的咆哮,保密,想吃龙虎凤了[微笑],,1级评论,6,0,2025-03-27 08:32:24
初音千空,保密,封面呢？,,1级评论,6,0,2025-03-27 02:18:30
TES刘青松,男,@亚託克斯 @Aweek丶 @一只坚持梦想的咸鱼,,1级评论,6,0,2025-03-26 23:12:16
安东星把鼠式吃了,男,情绪价值这一块[支持],,1级评论,5,0,2025-03-26 22:54:04
秋邺丶,男,@音理neri,,1级评论,6,0,2025-03-26 21:57:32
皮卡皮卡小草莓,保密,这就是为什么房东不让养猫养狗,,1级评论,6,0,2025-03-26 21:32:49
功震天下婴,保密,加入爱猫曲[笑哭],,1级评论,5,0,2025-03-26 21:13:33
御坂御坂20002,男,能忍住不略也是神人了,,1级评论,6,0,2025-03-26 21:02:54
水上油气,保密,@冰訌茶 @明曦rinayo- @华漾Emoji @梓狗梓狗 @爱我盐神的松坂砂糖 @Dr-山雨欲来 @張劍 @-白鹿luu-,,1级评论,4,0,2025-03-26 20:55:52
我要QAQ,男,@sqshr17 @是猫狐捏 @辣条依赖症 @北汐_Starlight @虚猹_BWChara,,1级评论,5,0,2025-03-26 20:35:30
style冷夜,男,@大水王有一条鲶鱼精,,1级评论,5,0,2025-03-26 18:49:22
2yd_,男,今天敢爱人，明天敢爱什么我都不敢想,,1级评论,6,0,2025-03-26 17:33:46
风语蝉鸣,男,小树不修不直溜，猫爹不打不听话,,1级评论,6,0,2025-03-26 16:51:30
红泥小火炉wk,男,母亲同事的猫带来我家，硬是要把我的鹦鹉放出来配她猫玩，一开始挺担心的，后来发现傻猫被我战斗鹦满地溜就放心了。他们仨平时跟我玩都没没带飞这么极限的。,,1级评论,6,0,2025-03-26 16:51:46
会群秽土转生,男,@紘糖的炸鸡块,,1级评论,5,0,2025-03-26 15:45:29
秋意miSsery,保密,血压合集，看完了血压不高说这个[支持],,1级评论,6,0,2025-03-26 15:18:14
柳治忠证,男,别成为下一个牢镖了啊[doge],,1级评论,6,0,2025-03-26 14:20:17
珞昕琼,保密,明明知道是活全家bgm还要点进来吗...... 哈基me，我这家伙。,,1级评论,5,0,2025-03-26 14:15:11
鲸与海林与鹿,保密,我只能活过[星星眼][星星眼][星星眼][星星眼],,1级评论,5,0,2025-03-26 13:34:25
零下273point15,保密,我要哈气了,,1级评论,5,0,2025-03-26 12:08:37
生之如_舟,保密,@保科明里- @锁月无形 @努力变为自己 @泠渥 @带个玄字 @泽金-露露缇雅,,1级评论,5,0,2025-03-26 11:22:40
泽金-露露缇雅,保密,封面里哪条是你,生之如_舟,2级评论,6,0,2025-03-26 11:49:36
带个玄字,保密,[墨镜],生之如_舟,2级评论,3,0,2025-03-26 15:05:14
鬼畜得不得了,保密,我看片都没有这么想穿越进去,,1级评论,5,0,2025-03-26 11:18:34
夏夜や,男,@I天生骄傲I @猫と梨,,1级评论,6,0,2025-03-26 10:25:44
I天生骄傲I,男,看得我要哈气了[千恋万花表情包_生气],夏夜や,2级评论,6,0,2025-03-26 10:40:48
功震天下婴,保密,来个音乐出处[笑哭],,1级评论,5,0,2025-03-26 09:53:07
奈月せ,男,@sfls頭號kennyZ-,,1级评论,6,0,2025-03-26 09:44:14
S1sy_,保密,@杨晨大坤 哈！,,1级评论,5,0,2025-03-26 09:23:54
東祥雪莲,男,@゚篁米米 降压,,1级评论,5,0,2025-03-26 04:13:03
不加一,保密,看这个不笑的人[doge],,1级评论,5,0,2025-03-25 23:44:28
ryu-隆,男,这能忍住也是神人了,,1级评论,5,0,2025-04-01 18:27:43
哈基玛奇拉,男,@8米老瓜椒,,1级评论,5,0,2025-04-01 15:59:34
皮太帅,保密,@Hanserness 爱,,1级评论,4,0,2025-04-01 09:05:37
snowink11,保密,@阿贾克斯ノAJax @-TonyTong- @lan叉叉,,1级评论,6,0,2025-04-01 02:08:32
别带aeybebbb节奏啊,保密,总比养哈基汪祸害别人强的多,,1级评论,6,0,2025-03-30 09:45:52
十八元一抽,男,@DX16,,1级评论,6,0,2025-03-29 21:17:47
N1EO,保密,@Sakakiyuuu,,1级评论,5,0,2025-03-28 22:55:00
慕云live,保密,@FHDKIII,,1级评论,5,0,2025-03-27 19:00:13
晓诺2306,男,狗应该不会这样,,1级评论,5,0,2025-03-27 17:50:37
Leo的边缘日记,男,我养的猫都是从小跟狗一块儿拴着时间长都拴习惯了把绳子解了也不知道跑,,1级评论,5,0,2025-03-27 17:19:59
兮溯流光_,保密,@好像摸鱼口牙 @欣然小宇 @摸摸鱼罐头,,1级评论,6,0,2025-03-27 15:43:52
好像摸鱼口牙,保密,[少女乐团派对_等一下],兮溯流光_,2级评论,5,0,2025-03-27 17:06:38
黑色思想,男,看得我应激了,,1级评论,6,0,2025-03-27 14:51:53
夏某克,保密,@芝芝麻凛 @八六三麦茶 @張失伍 @莫闻z @LingxiPeng @私の喜多 @汐锋 不赖,,1级评论,6,0,2025-03-27 14:49:50
夏某克,保密,@熬夜舔美咲 @EveningTwiKnight @红楼EastDream @LincPriest @xizz1 @科羽 @゚AC9,夏某克,2级评论,6,0,2025-03-27 14:49:57
让我尝尝啥味的,男,我怒气条怎么突然满了,,1级评论,6,0,2025-03-27 14:35:38
月初九儿,保密,尊重他人命运🙏,,1级评论,5,0,2025-03-27 14:05:11
皮皮0514,女,应激链式反应,,1级评论,6,0,2025-03-27 11:55:44
八十氵,保密,@纯合子DD致死 @泡泡茶壶泡我 哈气了,,1级评论,5,0,2025-03-27 11:37:42
纯合子DD致死,保密,😡,八十氵,2级评论,6,0,2025-03-27 12:49:58
本人不腐,保密,@易陀始,,1级评论,6,0,2025-03-27 11:32:30
洛必达7,男,@lcycdd,,1级评论,5,0,2025-03-27 09:28:12
六海官林,保密,只能住笼子,,1级评论,6,0,2025-03-27 08:29:00
天文末日守望者,保密,突然感觉懒猫比活泼的猫好一些,,1级评论,4,0,2025-03-27 04:44:39
壬生狼k,男,@别逼我当场睡觉 @阳阳阳阳阳啊_ @亦染KUMA,,1级评论,6,0,2025-03-27 02:00:30
爱莉丝袜泡水喝三年,男,@无聊的阿耀,,1级评论,4,0,2025-03-26 23:35:55
驿路者MZ,男,@老鲤今天吃兵线 @鹅鹅子EEZ @焗卤捏 @某鹿鸣哟 @yyh0201,,1级评论,6,0,2025-03-26 23:01:48
焗卤捏,男,这能忍住不爱的也是神人了,驿路者MZ,2级评论,6,0,2025-03-26 23:14:08
你最爱的天蓝色,保密,惯的了,,1级评论,3,0,2025-03-26 22:09:04
粥粥Q-Q,保密,军训出来一个反应敏捷的主人。,,1级评论,6,0,2025-03-26 19:06:21
樱雪SaSa,保密,我家显示屏还真被这出生弄坏过[呲牙][呲牙][呲牙],,1级评论,6,0,2025-03-26 18:44:22
史上最阴间的名字,男,基米的十宗罪[笑哭],,1级评论,6,0,2025-03-26 18:35:41
dxclwdy,保密,直接老拳猛揍,,1级评论,5,0,2025-03-26 18:09:08
周绝伦_Official,保密,像看见教室门框的男高中生一样,,1级评论,6,0,2025-03-26 17:55:03
Angel_with_a_gun,女,@纯爱战神_,,1级评论,5,0,2025-03-26 17:05:49
突破天际的SU-30SM,男,要是有几个猫可能会链式反应[doge_金箍],,1级评论,6,0,2025-03-26 16:33:56
扣肚脐眼子,保密,我家俩德文全都挺老实，就是太粘人了，只要躺下他就趴我肚子上,,1级评论,6,0,2025-03-26 16:26:37
晦朔难明,保密,不行，看不下去了，给我选条好蛇，下锅炖咯[生气],,1级评论,4,0,2025-03-26 14:44:33
丶世界级潜水冠军,男,[doge]虽然我也养猫但我也爱看,,1级评论,6,0,2025-03-26 12:58:29
Q孤狼H,保密,足球。,,1级评论,5,0,2025-03-26 12:41:26
植物先生物种识别,男,很难想象这么个小玩意居然有那么大破坏力[笑哭],,1级评论,5,0,2025-03-26 12:14:59
鹿野_千夏,男,哎呀这个好可爱呀,,1级评论,5,0,2025-03-26 11:55:31
积积阴阴德,女,@-FlyBoat- @Ul时 @嘉陌mo @Jus_0921 @INOTRY @不会踢球的奥特曼 @凤-九歌_ @messi木木 @曦嗣莱杰 @江夜残雨,,1级评论,6,0,2025-03-26 11:45:52
-FlyBoat-,保密,你这家伙,积积阴阴德,2级评论,6,0,2025-03-26 13:49:39
AndurilPrime,男,@羊用仿生人 @赤莲幸 @不沉舰_himari @弗兰肯斯坦の猫 @数学天才丶琪露诺 @无聊-----想死 @Kellcyil @Everglow散华 @不能吃的假面,,1级评论,6,0,2025-03-26 11:18:26
不再想买战地的人,男,还是暹罗猫好,,1级评论,6,0,2025-03-26 11:11:42
亖I博加农,男,@八番啊 可爱[喜欢][喜欢][喜欢][喜欢],,1级评论,6,0,2025-03-26 10:02:31
香風_チノ,男,@一叶孤舟3742 @火柴只想摸鱼 @起飞咯 @树彧_牧歌 @是清酒鸭く @屑奶酪,,1级评论,6,0,2025-03-26 09:53:54
一叶孤舟3742,男,看应激了,香風_チノ,2级评论,6,0,2025-03-26 12:23:05
绯想的幻月,男,@天子的天空,,1级评论,6,0,2025-03-26 09:13:32
天子的天空,男,你不许看哈基tv,绯想的幻月,2级评论,6,0,2025-03-26 19:59:35
绯想的幻月,男,回复 @天子的天空 :行,绯想的幻月,2级评论,6,0,2025-03-26 20:02:00
さんきゅう,男,@摸鱼北宅,,1级评论,6,0,2025-03-26 08:15:45
日均摸鱼二十五小时,保密,无暹罗的一集,,1级评论,6,0,2025-03-26 07:30:49
kisurlitlflower,女,爱了,,1级评论,6,0,2025-03-25 18:52:12
未注销用户1,保密,细胞人突然踩猫！[doge],,1级评论,4,24,2025-03-26 06:15:50
阳光_暴风雨,保密,哈～！,,1级评论,5,5,2025-03-26 10:04:15
赵泠溪,女,[笑哭][笑哭],,1级评论,6,11,2025-03-25 20:43:30
INCELNERD,男,神人表情包,赵泠溪,2级评论,6,0,2025-03-26 13:05:48
我就是不给你币,男,[笑哭],赵泠溪,2级评论,5,0,2025-03-25 23:44:10
冰瓜瓜投手,男,[惊喜],,1级评论,4,7,2025-04-14 20:42:18
桜络恋华,保密,轮到这位出场了,,1级评论,6,18,2025-03-26 13:40:57
斩神七夜,保密,[doge],,1级评论,5,2,2025-03-31 16:38:33
中二社-Sion,保密,碎的不是花瓶，是养父的心[doge],,1级评论,6,1,2025-04-07 00:51:52
微光渐逝,男,开！,,1级评论,6,1,2025-03-27 12:05:12
bili_515083467,男,[doge],,1级评论,5,1,2025-03-27 15:49:53
山本武激推人,女,这是什么？,,1级评论,6,1,2025-04-07 10:42:18
山本武激推人,女,还有,,1级评论,6,1,2025-04-07 10:42:33
深柳读书人,保密,这好办，拿帝果滚一下就没事了,,1级评论,4,0,2025-05-04 09:42:45
磊哥游戏-早期型,男,[doge_金箍],,1级评论,6,0,2025-04-20 00:06:10
致敬传奇哈基人,保密,这只哈基汪👉🏻@Jackey_Iove  也想被爱[委屈],,1级评论,5,0,2025-03-28 21:03:39
